_AvgRewardSum,_AvgDiscountedRewardSum,_mean_obs,_min_obs,_max_obs,_std_obs,_mean_act,_min_act,_max_act,_std_act,_mean_adv,_min_adv,_max_adv,_std_adv,_mean_discrew,_min_discrew,_max_discrew,_std_discrew,_Episode,ValFuncLoss,ExplainedVarNew,ExplainedVarOld
-650.6686,-34.71454063316922,233.11077389984825,2,499,20588.540587008563,2.464339908952959,0,5,2.7889408010021155,1.4376180794336878e-16,-3.0827048831780464,5.108232339603671,0.9999997930299939,-31.33158700241513,-61.12755633396716,18.04603385925293,93.4055835986737,10,806.9570149763649,-5.7124856178703e-08,-1.317545788892538e-05
