_AvgRewardSum,_AvgDiscountedRewardSum,_mean_obs,_min_obs,_max_obs,_std_obs,_mean_act,_min_act,_max_act,_std_act,_mean_adv,_min_adv,_max_adv,_std_adv,_mean_discrew,_min_discrew,_max_discrew,_std_discrew,_Episode,ValFuncLoss,ExplainedVarNew,ExplainedVarOld
-571.96,-29.514499050644996,234.84538506760728,3,496,22886.184794986944,2.4673721340388006,0,5,2.9367661101935063,-5.639228061588096e-16,-2.52132056123547,4.756156240713018,0.9999998105564556,-32.063316917174085,-58.680361338263516,18.149667739868164,111.4580140311876,10,912.8625433934683,-3.380186575085986e-09,-7.180674232998285e-07
