_AvgRewardSum,_AvgDiscountedRewardSum,_mean_obs,_min_obs,_max_obs,_std_obs,_mean_act,_min_act,_max_act,_std_act,_mean_adv,_min_adv,_max_adv,_std_adv,_mean_discrew,_min_discrew,_max_discrew,_std_discrew,_Episode,ValFuncLoss,ExplainedVarNew,ExplainedVarOld
-657.1298,-35.314160891358526,250.9566126502875,2,496,23059.30653363825,2.5060115002613697,0,5,2.868887019209093,-4.419999244926917e-16,-3.1068430362117265,4.497340170385783,0.999999823233269,-32.68934152909067,-67.82432894634124,18.102001190185547,127.92186811383792,10,968.850561054378,-5.588384843768779e-08,-1.152640491430823e-05
