_AvgRewardSum,_AvgDiscountedRewardSum,_mean_obs,_min_obs,_max_obs,_std_obs,_mean_act,_min_act,_max_act,_std_act,_mean_adv,_min_adv,_max_adv,_std_adv,_mean_discrew,_min_discrew,_max_discrew,_std_discrew,_Episode,ValFuncLoss,ExplainedVarNew,ExplainedVarOld
-672.62274,-35.639248634727224,266.1386445938955,1,498,19025.55346262227,2.520951888256596,0,5,2.93243737637124,2.646615466876731e-16,-3.461817564834328,5.207101590259093,0.9999997965685032,-33.137476464348175,-67.18048182384989,18.067312240600586,96.64886377655846,10,1001.2562932272095,-3.896616055598656e-06,-8.646058936134793e-06
