_AvgRewardSum,_AvgDiscountedRewardSum,_mean_obs,_min_obs,_max_obs,_std_obs,_mean_act,_min_act,_max_act,_std_act,_mean_adv,_min_adv,_max_adv,_std_adv,_mean_discrew,_min_discrew,_max_discrew,_std_discrew,_Episode,ValFuncLoss,ExplainedVarNew,ExplainedVarOld
-653.19745,-36.107486170392185,211.66998428496595,3,498,21770.403399737836,2.472498690413829,0,5,2.8851787224969763,-5.2108948667581996e-17,-2.7800832629411514,5.0370229845352,0.9999998007063367,-32.51444550623404,-60.412366184167254,18.035749435424805,100.67797597581705,10,868.0065358052713,-4.4082227756980785e-07,-1.2005620656507787e-05
