_AvgRewardSum,_AvgDiscountedRewardSum,_mean_obs,_min_obs,_max_obs,_std_obs,_mean_act,_min_act,_max_act,_std_act,_mean_adv,_min_adv,_max_adv,_std_adv,_mean_discrew,_min_discrew,_max_discrew,_std_discrew,_Episode,ValFuncLoss,ExplainedVarNew,ExplainedVarOld
-686.4855,-36.533686686410654,256.37964389659305,1,499,20343.84790954619,2.5140386920047937,0,5,2.941465301704435,9.001911050547408e-17,-3.7770656156243128,5.108725864874754,0.999999802070844,-33.56985643192421,-71.73300475462122,18.054588317871094,102.06298584125165,60,513.9422713876927,-8.347159408117477e-09,-1.2032166055941929e-05
