_AvgRewardSum,_AvgDiscountedRewardSum,_mean_obs,_min_obs,_max_obs,_std_obs,_mean_act,_min_act,_max_act,_std_act,_mean_adv,_min_adv,_max_adv,_std_adv,_mean_discrew,_min_discrew,_max_discrew,_std_discrew,_Episode,ValFuncLoss,ExplainedVarNew,ExplainedVarOld
-728.6862,-34.6401788109561,252.66,1,499,17946.748399999997,2.584,0,5,2.930944,7.105427357601002e-18,-3.0971554876961482,3.557586442586371,0.9999997908706048,-34.87550571182064,-64.49552261598411,-0.8531719446182251,91.45492170688874,10,1026.5344400009583,-4.92428576581716e-07,-6.005052428648128e-07
-648.07196,-30.44953668046959,260.65520779887123,2,497,20380.650743786984,2.453052847614161,0,5,2.900438345590916,0.0,-3.1821357812741073,4.762025705452246,0.9999998091678403,-31.84542794240646,-65.19562162496331,18.06247329711914,109.84112842445145,20,681.0442451701877,-4.1115888471665585e-10,-1.640741764674658e-08
