_AvgRewardSum,_AvgDiscountedRewardSum,_mean_obs,_min_obs,_max_obs,_std_obs,_mean_act,_min_act,_max_act,_std_act,_mean_adv,_min_adv,_max_adv,_std_adv,_mean_discrew,_min_discrew,_max_discrew,_std_discrew,_Episode,ValFuncLoss,ExplainedVarNew,ExplainedVarOld
-679.33,-35.58014964997917,253.64380285299393,2,499,20406.29577670599,2.5139660032459212,0,5,2.933156791532356,1.3109868533713304e-16,-3.1026729291892186,5.01297837335391,0.9999998044149895,-33.17542773681908,-64.90088779029743,18.087589263916016,104.56167325289817,60,536.8941764181684,-9.08227715257226e-10,-1.1407009816721825e-06
