_AvgRewardSum,_AvgDiscountedRewardSum,_mean_obs,_min_obs,_max_obs,_std_obs,_mean_act,_min_act,_max_act,_std_act,_mean_adv,_min_adv,_max_adv,_std_adv,_mean_discrew,_min_discrew,_max_discrew,_std_discrew,_Episode,ValFuncLoss,ExplainedVarNew,ExplainedVarOld
-706.1024,-37.8628193438783,239.04,2,497,21135.8184,2.503,0,5,2.9619909999999994,2.2737367544323206e-16,-2.7760006575913696,3.1018687415210495,0.9999998104462111,-33.60129537567169,-62.89655388293448,-0.8719223141670227,111.32285029238035,10,992.8604940399553,-3.835207817992625e-08,-6.1116022951335225e-06
-637.9343,-39.02112300637886,242.27344159245678,3,486,18905.06299816068,2.459402828706129,0,5,2.9020972861313385,3.684847084350441e-16,-3.0281453550833075,4.957261743395614,0.9999998001930691,-31.577541764096832,-61.88822010435262,18.044044494628906,100.19341774792697,20,684.7298811166033,-7.365050791463545e-10,-1.1094834162506118e-08
