_AvgRewardSum,_AvgDiscountedRewardSum,_mean_obs,_min_obs,_max_obs,_std_obs,_mean_act,_min_act,_max_act,_std_act,_mean_adv,_min_adv,_max_adv,_std_adv,_mean_discrew,_min_discrew,_max_discrew,_std_discrew,_Episode,ValFuncLoss,ExplainedVarNew,ExplainedVarOld
-671.76624,-34.85904146768146,243.67968618187953,1,499,21220.61892765586,2.5053990214273663,0,5,2.927548039702096,2.0739647930908948e-16,-3.554532606262455,5.110414004546733,0.9999997998337923,-32.414025329256425,-67.82174936787843,18.11976432800293,99.62267125240336,60,497.6497789185317,-6.062101265413844e-09,-0.00038116004495170053
