_AvgRewardSum,_AvgDiscountedRewardSum,_mean_obs,_min_obs,_max_obs,_std_obs,_mean_act,_min_act,_max_act,_std_act,_mean_adv,_min_adv,_max_adv,_std_adv,_mean_discrew,_min_discrew,_max_discrew,_std_discrew,_Episode,ValFuncLoss,ExplainedVarNew,ExplainedVarOld
-699.9992,-37.04239687554201,237.514,1,498,20323.043804,2.5285,0,5,2.8941877499999995,-1.7763568394002505e-17,-2.6733211670711525,3.293193601633138,0.999999803411173,-33.333049674973424,-60.476465279785465,-0.7987769842147827,103.11755805354406,10,938.2514288863863,-1.378062440604566e-06,-0.00023854421839697437
