_AvgRewardSum,_AvgDiscountedRewardSum,_mean_obs,_min_obs,_max_obs,_std_obs,_mean_act,_min_act,_max_act,_std_act,_mean_adv,_min_adv,_max_adv,_std_adv,_mean_discrew,_min_discrew,_max_discrew,_std_discrew,_Episode,ValFuncLoss,ExplainedVarNew,ExplainedVarOld
-694.51776,-36.15752547026465,254.4503092434127,1,499,20752.1539952869,2.5105481657205795,0,5,2.9307325894575773,-1.1799235466320396e-16,-3.680098814852761,5.097922154009324,0.9999998028109917,-33.65124122353077,-70.97946448629334,18.052310943603516,102.87183503724034,60,544.1554374035828,-3.1539229006227743e-09,-2.772915361992645e-06
